Status,Sample Name,Sample Type,Analysis Method,Panel,Size Standard,Marker,Allele 1,Allele 2,Allele 3,Allele 4,Allele 5,Allele 6,Allele 7,Allele 8,Allele 9,Allele 10,Height 1,Height 2,Height 3,Height 4,Height 5,Height 6,Height 7,Height 8,Height 9,Height 10,
Analyzed,GlovesA_1_n30,Sample,3500_NGM_SE_2500_50bis100rfu,NGMSElect_panel_v1X,LIZ600_60-460,D10S1248,13,14,15,,,,,,,,11580,1160,10586,,,,,,,,
Analyzed,GlovesA_1_n30,Sample,3500_NGM_SE_2500_50bis100rfu,NGMSElect_panel_v1X,LIZ600_60-460,vWA,15,17,,,,,,,,,6184,5139,,,,,,,,,
Analyzed,GlovesA_1_n30,Sample,3500_NGM_SE_2500_50bis100rfu,NGMSElect_panel_v1X,LIZ600_60-460,D16S539,9,11,12,,,,,,,,6552,206,3648,,,,,,,,
Analyzed,GlovesA_1_n30,Sample,3500_NGM_SE_2500_50bis100rfu,NGMSElect_panel_v1X,LIZ600_60-460,D2S1338,17,18,20,24,,,,,,,263,3795,3043,102,,,,,,,
Analyzed,GlovesA_1_n30,Sample,3500_NGM_SE_2500_50bis100rfu,NGMSElect_panel_v1X,LIZ600_60-460,AMEL,X,Y,,,,,,,,,31944,238,,,,,,,,,
Analyzed,GlovesA_1_n30,Sample,3500_NGM_SE_2500_50bis100rfu,NGMSElect_panel_v1X,LIZ600_60-460,D8S1179,13,14,,,,,,,,,21042,608,,,,,,,,,
Analyzed,GlovesA_1_n30,Sample,3500_NGM_SE_2500_50bis100rfu,NGMSElect_panel_v1X,LIZ600_60-460,D21S11,30,30.2,31.2,,,,,,,,8191,8023,234,,,,,,,,
Analyzed,GlovesA_1_n30,Sample,3500_NGM_SE_2500_50bis100rfu,NGMSElect_panel_v1X,LIZ600_60-460,D18S51,13,15,,,,,,,,,3985,3507,,,,,,,,,
Analyzed,GlovesA_1_n30,Sample,3500_NGM_SE_2500_50bis100rfu,NGMSElect_panel_v1X,LIZ600_60-460,D22S1045,16,17,,,,,,,,,23277,1111,,,,,,,,,
Analyzed,GlovesA_1_n30,Sample,3500_NGM_SE_2500_50bis100rfu,NGMSElect_panel_v1X,LIZ600_60-460,D19S433,13,14,14.2,,,,,,,,871,13411,13414,,,,,,,,
Analyzed,GlovesA_1_n30,Sample,3500_NGM_SE_2500_50bis100rfu,NGMSElect_panel_v1X,LIZ600_60-460,TH01,6,7,8,,,,,,,,9284,254,8953,,,,,,,,
Analyzed,GlovesA_1_n30,Sample,3500_NGM_SE_2500_50bis100rfu,NGMSElect_panel_v1X,LIZ600_60-460,FGA,19,21,22,23,,,,,,,146,598,8448,7182,,,,,,,
Analyzed,GlovesA_1_n30,Sample,3500_NGM_SE_2500_50bis100rfu,NGMSElect_panel_v1X,LIZ600_60-460,D2S441,11,14,,,,,,,,,10055,11995,,,,,,,,,
Analyzed,GlovesA_1_n30,Sample,3500_NGM_SE_2500_50bis100rfu,NGMSElect_panel_v1X,LIZ600_60-460,D3S1358,15,16,,,,,,,,,8625,8220,,,,,,,,,
Analyzed,GlovesA_1_n30,Sample,3500_NGM_SE_2500_50bis100rfu,NGMSElect_panel_v1X,LIZ600_60-460,D1S1656,15,16,17.3,,,,,,,,6975,7707,191,,,,,,,,
Analyzed,GlovesA_1_n30,Sample,3500_NGM_SE_2500_50bis100rfu,NGMSElect_panel_v1X,LIZ600_60-460,D12S391,20,22,23,,,,,,,,4100,557,3807,,,,,,,,
Analyzed,GlovesA_1_n30,Sample,3500_NGM_SE_2500_50bis100rfu,NGMSElect_panel_v1X,LIZ600_60-460,SE33,19,22.2,28.2,,,,,,,,2393,224,3242,,,,,,,,
Analyzed,GlovesA_2_n30,Sample,3500_NGM_SE_2500_50bis100rfu,NGMSElect_panel_v1X,LIZ600_60-460,D10S1248,13,14,15,,,,,,,,13591,1353,12621,,,,,,,,
Analyzed,GlovesA_2_n30,Sample,3500_NGM_SE_2500_50bis100rfu,NGMSElect_panel_v1X,LIZ600_60-460,vWA,15,17,,,,,,,,,5702,5135,,,,,,,,,
Analyzed,GlovesA_2_n30,Sample,3500_NGM_SE_2500_50bis100rfu,NGMSElect_panel_v1X,LIZ600_60-460,D16S539,9,11,12,,,,,,,,5599,283,4781,,,,,,,,
Analyzed,GlovesA_2_n30,Sample,3500_NGM_SE_2500_50bis100rfu,NGMSElect_panel_v1X,LIZ600_60-460,D2S1338,17,18,20,,,,,,,,571,4658,4436,,,,,,,,
Analyzed,GlovesA_2_n30,Sample,3500_NGM_SE_2500_50bis100rfu,NGMSElect_panel_v1X,LIZ600_60-460,AMEL,X,Y,,,,,,,,,32775,505,,,,,,,,,
Analyzed,GlovesA_2_n30,Sample,3500_NGM_SE_2500_50bis100rfu,NGMSElect_panel_v1X,LIZ600_60-460,D8S1179,13,14,,,,,,,,,22104,451,,,,,,,,,
Analyzed,GlovesA_2_n30,Sample,3500_NGM_SE_2500_50bis100rfu,NGMSElect_panel_v1X,LIZ600_60-460,D21S11,30,30.2,32.2,,,,,,,,8100,7589,173,,,,,,,,
Analyzed,GlovesA_2_n30,Sample,3500_NGM_SE_2500_50bis100rfu,NGMSElect_panel_v1X,LIZ600_60-460,D18S51,13,15,18,,,,,,,,4809,4654,193,,,,,,,,
Analyzed,GlovesA_2_n30,Sample,3500_NGM_SE_2500_50bis100rfu,NGMSElect_panel_v1X,LIZ600_60-460,D22S1045,16,17,,,,,,,,,29132,1339,,,,,,,,,
Analyzed,GlovesA_2_n30,Sample,3500_NGM_SE_2500_50bis100rfu,NGMSElect_panel_v1X,LIZ600_60-460,D19S433,13,14,14.2,,,,,,,,1264,13999,14748,,,,,,,,
Analyzed,GlovesA_2_n30,Sample,3500_NGM_SE_2500_50bis100rfu,NGMSElect_panel_v1X,LIZ600_60-460,TH01,6,7,8,,,,,,,,11683,569,11068,,,,,,,,
Analyzed,GlovesA_2_n30,Sample,3500_NGM_SE_2500_50bis100rfu,NGMSElect_panel_v1X,LIZ600_60-460,FGA,21,22,23,,,,,,,,536,8348,8321,,,,,,,,
Analyzed,GlovesA_2_n30,Sample,3500_NGM_SE_2500_50bis100rfu,NGMSElect_panel_v1X,LIZ600_60-460,D2S441,11,14,,,,,,,,,11573,11329,,,,,,,,,
Analyzed,GlovesA_2_n30,Sample,3500_NGM_SE_2500_50bis100rfu,NGMSElect_panel_v1X,LIZ600_60-460,D3S1358,15,16,,,,,,,,,9971,8873,,,,,,,,,
Analyzed,GlovesA_2_n30,Sample,3500_NGM_SE_2500_50bis100rfu,NGMSElect_panel_v1X,LIZ600_60-460,D1S1656,15,16,18,,,,,,,,7700,7206,172,,,,,,,,
Analyzed,GlovesA_2_n30,Sample,3500_NGM_SE_2500_50bis100rfu,NGMSElect_panel_v1X,LIZ600_60-460,D12S391,16,20,22,23,,,,,,,119,4212,718,5069,,,,,,,
Analyzed,GlovesA_2_n30,Sample,3500_NGM_SE_2500_50bis100rfu,NGMSElect_panel_v1X,LIZ600_60-460,SE33,19,28.2,30.2,,,,,,,,2565,2822,158,,,,,,,,
Analyzed,GlovesA_3_n30,Sample,3500_NGM_SE_2500_50bis100rfu,NGMSElect_panel_v1X,LIZ600_60-460,D10S1248,13,14,15,,,,,,,,17789,1527,15038,,,,,,,,
Analyzed,GlovesA_3_n30,Sample,3500_NGM_SE_2500_50bis100rfu,NGMSElect_panel_v1X,LIZ600_60-460,vWA,15,17,,,,,,,,,7110,8042,,,,,,,,,
Analyzed,GlovesA_3_n30,Sample,3500_NGM_SE_2500_50bis100rfu,NGMSElect_panel_v1X,LIZ600_60-460,D16S539,9,11,12,,,,,,,,5274,572,7064,,,,,,,,
Analyzed,GlovesA_3_n30,Sample,3500_NGM_SE_2500_50bis100rfu,NGMSElect_panel_v1X,LIZ600_60-460,D2S1338,17,18,20,,,,,,,,301,3699,3238,,,,,,,,
Analyzed,GlovesA_3_n30,Sample,3500_NGM_SE_2500_50bis100rfu,NGMSElect_panel_v1X,LIZ600_60-460,AMEL,X,Y,,,,,,,,,32787,245,,,,,,,,,
Analyzed,GlovesA_3_n30,Sample,3500_NGM_SE_2500_50bis100rfu,NGMSElect_panel_v1X,LIZ600_60-460,D8S1179,13,14,,,,,,,,,28804,341,,,,,,,,,
Analyzed,GlovesA_3_n30,Sample,3500_NGM_SE_2500_50bis100rfu,NGMSElect_panel_v1X,LIZ600_60-460,D21S11,28,30,30.2,32.2,,,,,,,67,10780,9391,251,,,,,,,
Analyzed,GlovesA_3_n30,Sample,3500_NGM_SE_2500_50bis100rfu,NGMSElect_panel_v1X,LIZ600_60-460,D18S51,13,15,16,,,,,,,,6154,7674,131,,,,,,,,
Analyzed,GlovesA_3_n30,Sample,3500_NGM_SE_2500_50bis100rfu,NGMSElect_panel_v1X,LIZ600_60-460,D22S1045,16,17,,,,,,,,,32575,1841,,,,,,,,,
Analyzed,GlovesA_3_n30,Sample,3500_NGM_SE_2500_50bis100rfu,NGMSElect_panel_v1X,LIZ600_60-460,D19S433,13,14,14.2,,,,,,,,1379,18366,16069,,,,,,,,
Analyzed,GlovesA_3_n30,Sample,3500_NGM_SE_2500_50bis100rfu,NGMSElect_panel_v1X,LIZ600_60-460,TH01,6,7,8,,,,,,,,12015,461,12167,,,,,,,,
Analyzed,GlovesA_3_n30,Sample,3500_NGM_SE_2500_50bis100rfu,NGMSElect_panel_v1X,LIZ600_60-460,FGA,21,22,23,,,,,,,,1380,9004,9292,,,,,,,,
Analyzed,GlovesA_3_n30,Sample,3500_NGM_SE_2500_50bis100rfu,NGMSElect_panel_v1X,LIZ600_60-460,D2S441,11,14,,,,,,,,,14256,13560,,,,,,,,,
Analyzed,GlovesA_3_n30,Sample,3500_NGM_SE_2500_50bis100rfu,NGMSElect_panel_v1X,LIZ600_60-460,D3S1358,15,16,,,,,,,,,15200,12958,,,,,,,,,
Analyzed,GlovesA_3_n30,Sample,3500_NGM_SE_2500_50bis100rfu,NGMSElect_panel_v1X,LIZ600_60-460,D1S1656,15,16,17.3,,,,,,,,10126,8044,196,,,,,,,,
Analyzed,GlovesA_3_n30,Sample,3500_NGM_SE_2500_50bis100rfu,NGMSElect_panel_v1X,LIZ600_60-460,D12S391,16,20,22,23,,,,,,,281,6361,664,5123,,,,,,,
Analyzed,GlovesA_3_n30,Sample,3500_NGM_SE_2500_50bis100rfu,NGMSElect_panel_v1X,LIZ600_60-460,SE33,19,28.2,,,,,,,,,5731,5414,,,,,,,,,
Analyzed,GlovesB_1_n30,Sample,3500_NGM_SE_2500_50bis100rfu,NGMSElect_panel_v1X,LIZ600_60-460,D10S1248,13,14,15,,,,,,,,9034,705,8351,,,,,,,,
Analyzed,GlovesB_1_n30,Sample,3500_NGM_SE_2500_50bis100rfu,NGMSElect_panel_v1X,LIZ600_60-460,vWA,15,17,,,,,,,,,5252,5848,,,,,,,,,
Analyzed,GlovesB_1_n30,Sample,3500_NGM_SE_2500_50bis100rfu,NGMSElect_panel_v1X,LIZ600_60-460,D16S539,9,11,12,,,,,,,,5529,315,4597,,,,,,,,
Analyzed,GlovesB_1_n30,Sample,3500_NGM_SE_2500_50bis100rfu,NGMSElect_panel_v1X,LIZ600_60-460,D2S1338,17,18,20,24,,,,,,,389,5231,5127,118,,,,,,,
Analyzed,GlovesB_1_n30,Sample,3500_NGM_SE_2500_50bis100rfu,NGMSElect_panel_v1X,LIZ600_60-460,AMEL,X,Y,,,,,,,,,25057,86,,,,,,,,,
Analyzed,GlovesB_1_n30,Sample,3500_NGM_SE_2500_50bis100rfu,NGMSElect_panel_v1X,LIZ600_60-460,D8S1179,13,14,,,,,,,,,15746,86,,,,,,,,,
Analyzed,GlovesB_1_n30,Sample,3500_NGM_SE_2500_50bis100rfu,NGMSElect_panel_v1X,LIZ600_60-460,D21S11,30,30.2,,,,,,,,,9527,7371,,,,,,,,,
Analyzed,GlovesB_1_n30,Sample,3500_NGM_SE_2500_50bis100rfu,NGMSElect_panel_v1X,LIZ600_60-460,D18S51,13,15,18,,,,,,,,5780,6850,239,,,,,,,,
Analyzed,GlovesB_1_n30,Sample,3500_NGM_SE_2500_50bis100rfu,NGMSElect_panel_v1X,LIZ600_60-460,D22S1045,16,17,,,,,,,,,19272,935,,,,,,,,,
Analyzed,GlovesB_1_n30,Sample,3500_NGM_SE_2500_50bis100rfu,NGMSElect_panel_v1X,LIZ600_60-460,D19S433,13,14,14.2,,,,,,,,606,9576,10188,,,,,,,,
Analyzed,GlovesB_1_n30,Sample,3500_NGM_SE_2500_50bis100rfu,NGMSElect_panel_v1X,LIZ600_60-460,TH01,6,7,8,,,,,,,,9061,419,8500,,,,,,,,
Analyzed,GlovesB_1_n30,Sample,3500_NGM_SE_2500_50bis100rfu,NGMSElect_panel_v1X,LIZ600_60-460,FGA,21,22,23,,,,,,,,662,8124,7467,,,,,,,,
Analyzed,GlovesB_1_n30,Sample,3500_NGM_SE_2500_50bis100rfu,NGMSElect_panel_v1X,LIZ600_60-460,D2S441,11,14,,,,,,,,,6825,6520,,,,,,,,,
Analyzed,GlovesB_1_n30,Sample,3500_NGM_SE_2500_50bis100rfu,NGMSElect_panel_v1X,LIZ600_60-460,D3S1358,15,16,,,,,,,,,6432,5600,,,,,,,,,
Analyzed,GlovesB_1_n30,Sample,3500_NGM_SE_2500_50bis100rfu,NGMSElect_panel_v1X,LIZ600_60-460,D1S1656,15,16,17.3,,,,,,,,5493,4425,135,,,,,,,,
Analyzed,GlovesB_1_n30,Sample,3500_NGM_SE_2500_50bis100rfu,NGMSElect_panel_v1X,LIZ600_60-460,D12S391,16,20,22,23,,,,,,,104,4885,475,3803,,,,,,,
Analyzed,GlovesB_1_n30,Sample,3500_NGM_SE_2500_50bis100rfu,NGMSElect_panel_v1X,LIZ600_60-460,SE33,19,28.2,30.2,,,,,,,,4425,4246,113,,,,,,,,
Analyzed,GlovesB_2_n30,Sample,3500_NGM_SE_2500_50bis100rfu,NGMSElect_panel_v1X,LIZ600_60-460,D10S1248,13,14,15,,,,,,,,13360,1659,12266,,,,,,,,
Analyzed,GlovesB_2_n30,Sample,3500_NGM_SE_2500_50bis100rfu,NGMSElect_panel_v1X,LIZ600_60-460,vWA,15,17,,,,,,,,,6575,7300,,,,,,,,,
Analyzed,GlovesB_2_n30,Sample,3500_NGM_SE_2500_50bis100rfu,NGMSElect_panel_v1X,LIZ600_60-460,D16S539,9,11,12,,,,,,,,7461,458,6303,,,,,,,,
Analyzed,GlovesB_2_n30,Sample,3500_NGM_SE_2500_50bis100rfu,NGMSElect_panel_v1X,LIZ600_60-460,D2S1338,17,18,20,24,,,,,,,759,7902,5438,244,,,,,,,
Analyzed,GlovesB_2_n30,Sample,3500_NGM_SE_2500_50bis100rfu,NGMSElect_panel_v1X,LIZ600_60-460,AMEL,X,Y,,,,,,,,,32795,113,,,,,,,,,
Analyzed,GlovesB_2_n30,Sample,3500_NGM_SE_2500_50bis100rfu,NGMSElect_panel_v1X,LIZ600_60-460,D8S1179,13,14,,,,,,,,,26476,159,,,,,,,,,
Analyzed,GlovesB_2_n30,Sample,3500_NGM_SE_2500_50bis100rfu,NGMSElect_panel_v1X,LIZ600_60-460,D21S11,28,30,30.2,,,,,,,,381,11940,8360,,,,,,,,
Analyzed,GlovesB_2_n30,Sample,3500_NGM_SE_2500_50bis100rfu,NGMSElect_panel_v1X,LIZ600_60-460,D18S51,13,15,,,,,,,,,9785,8340,,,,,,,,,
Analyzed,GlovesB_2_n30,Sample,3500_NGM_SE_2500_50bis100rfu,NGMSElect_panel_v1X,LIZ600_60-460,D22S1045,16,17,,,,,,,,,26426,1447,,,,,,,,,
Analyzed,GlovesB_2_n30,Sample,3500_NGM_SE_2500_50bis100rfu,NGMSElect_panel_v1X,LIZ600_60-460,D19S433,13,14,14.2,,,,,,,,1095,16968,13524,,,,,,,,
Analyzed,GlovesB_2_n30,Sample,3500_NGM_SE_2500_50bis100rfu,NGMSElect_panel_v1X,LIZ600_60-460,TH01,6,7,8,,,,,,,,12005,384,9362,,,,,,,,
Analyzed,GlovesB_2_n30,Sample,3500_NGM_SE_2500_50bis100rfu,NGMSElect_panel_v1X,LIZ600_60-460,FGA,19,21,22,23,,,,,,,307,776,12096,9842,,,,,,,
Analyzed,GlovesB_2_n30,Sample,3500_NGM_SE_2500_50bis100rfu,NGMSElect_panel_v1X,LIZ600_60-460,D2S441,11,14,,,,,,,,,11346,11021,,,,,,,,,
Analyzed,GlovesB_2_n30,Sample,3500_NGM_SE_2500_50bis100rfu,NGMSElect_panel_v1X,LIZ600_60-460,D3S1358,15,16,,,,,,,,,11836,9425,,,,,,,,,
Analyzed,GlovesB_2_n30,Sample,3500_NGM_SE_2500_50bis100rfu,NGMSElect_panel_v1X,LIZ600_60-460,D1S1656,15,16,18,,,,,,,,10654,9876,230,,,,,,,,
Analyzed,GlovesB_2_n30,Sample,3500_NGM_SE_2500_50bis100rfu,NGMSElect_panel_v1X,LIZ600_60-460,D12S391,20,22,23,,,,,,,,7200,674,5071,,,,,,,,
Analyzed,GlovesB_2_n30,Sample,3500_NGM_SE_2500_50bis100rfu,NGMSElect_panel_v1X,LIZ600_60-460,SE33,19,28.2,,,,,,,,,7107,5614,,,,,,,,,
Analyzed,GlovesB_3_n30,Sample,3500_NGM_SE_2500_50bis100rfu,NGMSElect_panel_v1X,LIZ600_60-460,D10S1248,13,14,15,,,,,,,,11763,1277,12169,,,,,,,,
Analyzed,GlovesB_3_n30,Sample,3500_NGM_SE_2500_50bis100rfu,NGMSElect_panel_v1X,LIZ600_60-460,vWA,15,17,,,,,,,,,8709,6455,,,,,,,,,
Analyzed,GlovesB_3_n30,Sample,3500_NGM_SE_2500_50bis100rfu,NGMSElect_panel_v1X,LIZ600_60-460,D16S539,9,11,12,,,,,,,,7161,659,7919,,,,,,,,
Analyzed,GlovesB_3_n30,Sample,3500_NGM_SE_2500_50bis100rfu,NGMSElect_panel_v1X,LIZ600_60-460,D2S1338,17,18,20,,,,,,,,621,6964,6872,,,,,,,,
Analyzed,GlovesB_3_n30,Sample,3500_NGM_SE_2500_50bis100rfu,NGMSElect_panel_v1X,LIZ600_60-460,AMEL,X,Y,,,,,,,,,32759,227,,,,,,,,,
Analyzed,GlovesB_3_n30,Sample,3500_NGM_SE_2500_50bis100rfu,NGMSElect_panel_v1X,LIZ600_60-460,D8S1179,13,14,,,,,,,,,26130,418,,,,,,,,,
Analyzed,GlovesB_3_n30,Sample,3500_NGM_SE_2500_50bis100rfu,NGMSElect_panel_v1X,LIZ600_60-460,D21S11,28,30,30.2,,,,,,,,193,6744,12297,,,,,,,,
Analyzed,GlovesB_3_n30,Sample,3500_NGM_SE_2500_50bis100rfu,NGMSElect_panel_v1X,LIZ600_60-460,D18S51,13,15,,,,,,,,,9720,10009,,,,,,,,,
Analyzed,GlovesB_3_n30,Sample,3500_NGM_SE_2500_50bis100rfu,NGMSElect_panel_v1X,LIZ600_60-460,D22S1045,16,17,,,,,,,,,25420,1269,,,,,,,,,
Analyzed,GlovesB_3_n30,Sample,3500_NGM_SE_2500_50bis100rfu,NGMSElect_panel_v1X,LIZ600_60-460,D19S433,13,14,14.2,,,,,,,,1004,14065,15237,,,,,,,,
Analyzed,GlovesB_3_n30,Sample,3500_NGM_SE_2500_50bis100rfu,NGMSElect_panel_v1X,LIZ600_60-460,TH01,6,7,8,,,,,,,,11802,344,13907,,,,,,,,
Analyzed,GlovesB_3_n30,Sample,3500_NGM_SE_2500_50bis100rfu,NGMSElect_panel_v1X,LIZ600_60-460,FGA,21,22,23,,,,,,,,730,9280,10251,,,,,,,,
Analyzed,GlovesB_3_n30,Sample,3500_NGM_SE_2500_50bis100rfu,NGMSElect_panel_v1X,LIZ600_60-460,D2S441,11,14,,,,,,,,,13386,11217,,,,,,,,,
Analyzed,GlovesB_3_n30,Sample,3500_NGM_SE_2500_50bis100rfu,NGMSElect_panel_v1X,LIZ600_60-460,D3S1358,15,16,,,,,,,,,11666,11256,,,,,,,,,
Analyzed,GlovesB_3_n30,Sample,3500_NGM_SE_2500_50bis100rfu,NGMSElect_panel_v1X,LIZ600_60-460,D1S1656,15,16,18,,,,,,,,8352,7695,335,,,,,,,,
Analyzed,GlovesB_3_n30,Sample,3500_NGM_SE_2500_50bis100rfu,NGMSElect_panel_v1X,LIZ600_60-460,D12S391,20,22,23,,,,,,,,6457,667,5443,,,,,,,,
Analyzed,GlovesB_3_n30,Sample,3500_NGM_SE_2500_50bis100rfu,NGMSElect_panel_v1X,LIZ600_60-460,SE33,19,28.2,,,,,,,,,6984,6019,,,,,,,,,
Analyzed,GlovesC_1_n34,Sample,3500_NGM_SE_2500_50bis100rfu,NGMSElect_panel_v1X,LIZ600_60-460,D10S1248,13,14,15,,,,,,,,5786,5731,14643,,,,,,,,
Analyzed,GlovesC_1_n34,Sample,3500_NGM_SE_2500_50bis100rfu,NGMSElect_panel_v1X,LIZ600_60-460,vWA,15,17,,,,,,,,,8653,12452,,,,,,,,,
Analyzed,GlovesC_1_n34,Sample,3500_NGM_SE_2500_50bis100rfu,NGMSElect_panel_v1X,LIZ600_60-460,D16S539,9,11,12,,,,,,,,4553,2676,5575,,,,,,,,
Analyzed,GlovesC_1_n34,Sample,3500_NGM_SE_2500_50bis100rfu,NGMSElect_panel_v1X,LIZ600_60-460,D2S1338,17,18,20,24,,,,,,,7148,2825,3944,2737,,,,,,,
Analyzed,GlovesC_1_n34,Sample,3500_NGM_SE_2500_50bis100rfu,NGMSElect_panel_v1X,LIZ600_60-460,AMEL,X,Y,,,,,,,,,9719,2929,,,,,,,,,
Analyzed,GlovesC_1_n34,Sample,3500_NGM_SE_2500_50bis100rfu,NGMSElect_panel_v1X,LIZ600_60-460,D8S1179,13,14,,,,,,,,,9587,13114,,,,,,,,,
Analyzed,GlovesC_1_n34,Sample,3500_NGM_SE_2500_50bis100rfu,NGMSElect_panel_v1X,LIZ600_60-460,D21S11,28,30,32.2,,,,,,,,3768,8699,6967,,,,,,,,
Analyzed,GlovesC_1_n34,Sample,3500_NGM_SE_2500_50bis100rfu,NGMSElect_panel_v1X,LIZ600_60-460,D18S51,13,15,18,,,,,,,,4553,7494,4586,,,,,,,,
Analyzed,GlovesC_1_n34,Sample,3500_NGM_SE_2500_50bis100rfu,NGMSElect_panel_v1X,LIZ600_60-460,D22S1045,16,17,,,,,,,,,25358,9413,,,,,,,,,
Analyzed,GlovesC_1_n34,Sample,3500_NGM_SE_2500_50bis100rfu,NGMSElect_panel_v1X,LIZ600_60-460,D19S433,13,14,14.2,,,,,,,,5879,9660,10910,,,,,,,,
Analyzed,GlovesC_1_n34,Sample,3500_NGM_SE_2500_50bis100rfu,NGMSElect_panel_v1X,LIZ600_60-460,TH01,6,7,,,,,,,,,3448,3625,,,,,,,,,
Analyzed,GlovesC_1_n34,Sample,3500_NGM_SE_2500_50bis100rfu,NGMSElect_panel_v1X,LIZ600_60-460,FGA,19,21,22,23,,,,,,,2616,4404,7988,5776,,,,,,,
Analyzed,GlovesC_1_n34,Sample,3500_NGM_SE_2500_50bis100rfu,NGMSElect_panel_v1X,LIZ600_60-460,D2S441,11,14,,,,,,,,,13839,5654,,,,,,,,,
Analyzed,GlovesC_1_n34,Sample,3500_NGM_SE_2500_50bis100rfu,NGMSElect_panel_v1X,LIZ600_60-460,D3S1358,15,16,,,,,,,,,9153,4933,,,,,,,,,
Analyzed,GlovesC_1_n34,Sample,3500_NGM_SE_2500_50bis100rfu,NGMSElect_panel_v1X,LIZ600_60-460,D1S1656,15,16,17.3,,,,,,,,2245,2703,2569,,,,,,,,
Analyzed,GlovesC_1_n34,Sample,3500_NGM_SE_2500_50bis100rfu,NGMSElect_panel_v1X,LIZ600_60-460,D12S391,16,20,22,23,,,,,,,4724,997,1151,1863,,,,,,,
Analyzed,GlovesC_1_n34,Sample,3500_NGM_SE_2500_50bis100rfu,NGMSElect_panel_v1X,LIZ600_60-460,SE33,19,22.2,28.2,30.2,,,,,,,1068,8272,683,1906,,,,,,,
Analyzed,GlovesC_2_n34,Sample,3500_NGM_SE_2500_50bis100rfu,NGMSElect_panel_v1X,LIZ600_60-460,D10S1248,13,14,15,,,,,,,,2483,3351,8222,,,,,,,,
Analyzed,GlovesC_2_n34,Sample,3500_NGM_SE_2500_50bis100rfu,NGMSElect_panel_v1X,LIZ600_60-460,vWA,15,17,,,,,,,,,4826,8855,,,,,,,,,
Analyzed,GlovesC_2_n34,Sample,3500_NGM_SE_2500_50bis100rfu,NGMSElect_panel_v1X,LIZ600_60-460,D16S539,9,11,,,,,,,,,2396,3430,,,,,,,,,
Analyzed,GlovesC_2_n34,Sample,3500_NGM_SE_2500_50bis100rfu,NGMSElect_panel_v1X,LIZ600_60-460,D2S1338,17,18,20,24,,,,,,,1006,1209,2317,2338,,,,,,,
Analyzed,GlovesC_2_n34,Sample,3500_NGM_SE_2500_50bis100rfu,NGMSElect_panel_v1X,LIZ600_60-460,AMEL,X,Y,,,,,,,,,9019,123,,,,,,,,,
Analyzed,GlovesC_2_n34,Sample,3500_NGM_SE_2500_50bis100rfu,NGMSElect_panel_v1X,LIZ600_60-460,D8S1179,13,14,,,,,,,,,2502,4906,,,,,,,,,
Analyzed,GlovesC_2_n34,Sample,3500_NGM_SE_2500_50bis100rfu,NGMSElect_panel_v1X,LIZ600_60-460,D21S11,30,30.2,32.2,33.2,,,,,,,2252,544,6885,223,,,,,,,
Analyzed,GlovesC_2_n34,Sample,3500_NGM_SE_2500_50bis100rfu,NGMSElect_panel_v1X,LIZ600_60-460,D18S51,15,,,,,,,,,,3731,,,,,,,,,,
Analyzed,GlovesC_2_n34,Sample,3500_NGM_SE_2500_50bis100rfu,NGMSElect_panel_v1X,LIZ600_60-460,D22S1045,16,17,,,,,,,,,11192,4743,,,,,,,,,
Analyzed,GlovesC_2_n34,Sample,3500_NGM_SE_2500_50bis100rfu,NGMSElect_panel_v1X,LIZ600_60-460,D19S433,13,14,14.2,,,,,,,,3111,4319,2642,,,,,,,,
Analyzed,GlovesC_2_n34,Sample,3500_NGM_SE_2500_50bis100rfu,NGMSElect_panel_v1X,LIZ600_60-460,TH01,6,7,8,,,,,,,,1314,1578,1601,,,,,,,,
Analyzed,GlovesC_2_n34,Sample,3500_NGM_SE_2500_50bis100rfu,NGMSElect_panel_v1X,LIZ600_60-460,FGA,19,21,22,23,,,,,,,339,3295,2475,1873,,,,,,,
Analyzed,GlovesC_2_n34,Sample,3500_NGM_SE_2500_50bis100rfu,NGMSElect_panel_v1X,LIZ600_60-460,D2S441,11,14,,,,,,,,,9127,208,,,,,,,,,
Analyzed,GlovesC_2_n34,Sample,3500_NGM_SE_2500_50bis100rfu,NGMSElect_panel_v1X,LIZ600_60-460,D3S1358,15,16,,,,,,,,,7288,4618,,,,,,,,,
Analyzed,GlovesC_2_n34,Sample,3500_NGM_SE_2500_50bis100rfu,NGMSElect_panel_v1X,LIZ600_60-460,D1S1656,15,16,17.3,,,,,,,,1873,432,1359,,,,,,,,
Analyzed,GlovesC_2_n34,Sample,3500_NGM_SE_2500_50bis100rfu,NGMSElect_panel_v1X,LIZ600_60-460,D12S391,16,20,22,23,,,,,,,305,603,229,1303,,,,,,,
Analyzed,GlovesC_2_n34,Sample,3500_NGM_SE_2500_50bis100rfu,NGMSElect_panel_v1X,LIZ600_60-460,SE33,19,22.2,28.2,30.2,,,,,,,2716,1711,163,794,,,,,,,
Analyzed,GlovesD_1_n34,Sample,3500_NGM_SE_2500_50bis100rfu,NGMSElect_panel_v1X,LIZ600_60-460,D10S1248,13,14,15,,,,,,,,4103,18399,11417,,,,,,,,
Analyzed,GlovesD_1_n34,Sample,3500_NGM_SE_2500_50bis100rfu,NGMSElect_panel_v1X,LIZ600_60-460,vWA,15,17,,,,,,,,,24867,15134,,,,,,,,,
Analyzed,GlovesD_1_n34,Sample,3500_NGM_SE_2500_50bis100rfu,NGMSElect_panel_v1X,LIZ600_60-460,D16S539,9,11,12,,,,,,,,3283,12944,6534,,,,,,,,
Analyzed,GlovesD_1_n34,Sample,3500_NGM_SE_2500_50bis100rfu,NGMSElect_panel_v1X,LIZ600_60-460,D2S1338,17,18,24,,,,,,,,11557,2120,17597,,,,,,,,
Analyzed,GlovesD_1_n34,Sample,3500_NGM_SE_2500_50bis100rfu,NGMSElect_panel_v1X,LIZ600_60-460,AMEL,X,Y,,,,,,,,,21427,19038,,,,,,,,,
Analyzed,GlovesD_1_n34,Sample,3500_NGM_SE_2500_50bis100rfu,NGMSElect_panel_v1X,LIZ600_60-460,D8S1179,13,14,,,,,,,,,2520,32688,,,,,,,,,
Analyzed,GlovesD_1_n34,Sample,3500_NGM_SE_2500_50bis100rfu,NGMSElect_panel_v1X,LIZ600_60-460,D21S11,28,30,30.2,32.2,,,,,,,20758,3433,581,7512,,,,,,,
Analyzed,GlovesD_1_n34,Sample,3500_NGM_SE_2500_50bis100rfu,NGMSElect_panel_v1X,LIZ600_60-460,D18S51,13,15,18,,,,,,,,1260,11441,10014,,,,,,,,
Analyzed,GlovesD_1_n34,Sample,3500_NGM_SE_2500_50bis100rfu,NGMSElect_panel_v1X,LIZ600_60-460,D22S1045,16,17,,,,,,,,,21099,23359,,,,,,,,,
Analyzed,GlovesD_1_n34,Sample,3500_NGM_SE_2500_50bis100rfu,NGMSElect_panel_v1X,LIZ600_60-460,D19S433,13,14,14.2,,,,,,,,25740,15563,4399,,,,,,,,
Analyzed,GlovesD_1_n34,Sample,3500_NGM_SE_2500_50bis100rfu,NGMSElect_panel_v1X,LIZ600_60-460,TH01,6,7,8,,,,,,,,24614,22251,1259,,,,,,,,
Analyzed,GlovesD_1_n34,Sample,3500_NGM_SE_2500_50bis100rfu,NGMSElect_panel_v1X,LIZ600_60-460,FGA,19,21,23,,,,,,,,16678,14636,1098,,,,,,,,
Analyzed,GlovesD_1_n34,Sample,3500_NGM_SE_2500_50bis100rfu,NGMSElect_panel_v1X,LIZ600_60-460,D2S441,11,14,,,,,,,,,29155,4218,,,,,,,,,
Analyzed,GlovesD_1_n34,Sample,3500_NGM_SE_2500_50bis100rfu,NGMSElect_panel_v1X,LIZ600_60-460,D3S1358,15,16,,,,,,,,,21224,19331,,,,,,,,,
Analyzed,GlovesD_1_n34,Sample,3500_NGM_SE_2500_50bis100rfu,NGMSElect_panel_v1X,LIZ600_60-460,D1S1656,15,16,17.3,,,,,,,,9944,1793,9400,,,,,,,,
Analyzed,GlovesD_1_n34,Sample,3500_NGM_SE_2500_50bis100rfu,NGMSElect_panel_v1X,LIZ600_60-460,D12S391,16,20,22,23,,,,,,,6777,2982,11871,2196,,,,,,,
Analyzed,GlovesD_1_n34,Sample,3500_NGM_SE_2500_50bis100rfu,NGMSElect_panel_v1X,LIZ600_60-460,SE33,19,22.2,30.2,,,,,,,,2272,21948,7344,,,,,,,,
Analyzed,GlovesD_2_n34,Sample,3500_NGM_SE_2500_50bis100rfu,NGMSElect_panel_v1X,LIZ600_60-460,D10S1248,13,14,15,,,,,,,,2528,15758,17968,,,,,,,,
Analyzed,GlovesD_2_n34,Sample,3500_NGM_SE_2500_50bis100rfu,NGMSElect_panel_v1X,LIZ600_60-460,vWA,15,17,,,,,,,,,19640,15612,,,,,,,,,
Analyzed,GlovesD_2_n34,Sample,3500_NGM_SE_2500_50bis100rfu,NGMSElect_panel_v1X,LIZ600_60-460,D16S539,9,11,12,,,,,,,,2402,18072,11808,,,,,,,,
Analyzed,GlovesD_2_n34,Sample,3500_NGM_SE_2500_50bis100rfu,NGMSElect_panel_v1X,LIZ600_60-460,D2S1338,17,18,20,24,,,,,,,15072,2587,3752,17622,,,,,,,
Analyzed,GlovesD_2_n34,Sample,3500_NGM_SE_2500_50bis100rfu,NGMSElect_panel_v1X,LIZ600_60-460,AMEL,X,Y,,,,,,,,,17161,15021,,,,,,,,,
Analyzed,GlovesD_2_n34,Sample,3500_NGM_SE_2500_50bis100rfu,NGMSElect_panel_v1X,LIZ600_60-460,D8S1179,13,14,,,,,,,,,9688,32730,,,,,,,,,
Analyzed,GlovesD_2_n34,Sample,3500_NGM_SE_2500_50bis100rfu,NGMSElect_panel_v1X,LIZ600_60-460,D21S11,28,30,30.2,32.2,,,,,,,18588,1271,2980,13408,,,,,,,
Analyzed,GlovesD_2_n34,Sample,3500_NGM_SE_2500_50bis100rfu,NGMSElect_panel_v1X,LIZ600_60-460,D18S51,13,15,18,,,,,,,,359,6897,3353,,,,,,,,
Analyzed,GlovesD_2_n34,Sample,3500_NGM_SE_2500_50bis100rfu,NGMSElect_panel_v1X,LIZ600_60-460,D22S1045,16,17,,,,,,,,,18502,18095,,,,,,,,,
Analyzed,GlovesD_2_n34,Sample,3500_NGM_SE_2500_50bis100rfu,NGMSElect_panel_v1X,LIZ600_60-460,D19S433,13,14,14.2,,,,,,,,8021,9282,737,,,,,,,,
Analyzed,GlovesD_2_n34,Sample,3500_NGM_SE_2500_50bis100rfu,NGMSElect_panel_v1X,LIZ600_60-460,TH01,6,7,8,,,,,,,,17134,16430,96,,,,,,,,
Analyzed,GlovesD_2_n34,Sample,3500_NGM_SE_2500_50bis100rfu,NGMSElect_panel_v1X,LIZ600_60-460,FGA,19,21,22,23,,,,,,,4301,4212,1377,328,,,,,,,
Analyzed,GlovesD_2_n34,Sample,3500_NGM_SE_2500_50bis100rfu,NGMSElect_panel_v1X,LIZ600_60-460,D2S441,11,14,,,,,,,,,28300,2710,,,,,,,,,
Analyzed,GlovesD_2_n34,Sample,3500_NGM_SE_2500_50bis100rfu,NGMSElect_panel_v1X,LIZ600_60-460,D3S1358,15,16,,,,,,,,,19718,25456,,,,,,,,,
Analyzed,GlovesD_2_n34,Sample,3500_NGM_SE_2500_50bis100rfu,NGMSElect_panel_v1X,LIZ600_60-460,D1S1656,15,16,17.3,,,,,,,,9102,731,6644,,,,,,,,
Analyzed,GlovesD_2_n34,Sample,3500_NGM_SE_2500_50bis100rfu,NGMSElect_panel_v1X,LIZ600_60-460,D12S391,16,20,22,23,,,,,,,10519,1428,9088,636,,,,,,,
Analyzed,GlovesD_2_n34,Sample,3500_NGM_SE_2500_50bis100rfu,NGMSElect_panel_v1X,LIZ600_60-460,SE33,19,22.2,28.2,30.2,,,,,,,3925,11459,1021,9312,,,,,,,
Analyzed,GlovesD_3_n34,Sample,3500_NGM_SE_2500_50bis100rfu,NGMSElect_panel_v1X,LIZ600_60-460,D10S1248,13,14,15,,,,,,,,2469,18404,26693,,,,,,,,
Analyzed,GlovesD_3_n34,Sample,3500_NGM_SE_2500_50bis100rfu,NGMSElect_panel_v1X,LIZ600_60-460,vWA,15,17,,,,,,,,,23295,19561,,,,,,,,,
Analyzed,GlovesD_3_n34,Sample,3500_NGM_SE_2500_50bis100rfu,NGMSElect_panel_v1X,LIZ600_60-460,D16S539,9,11,12,,,,,,,,3557,16073,23633,,,,,,,,
Analyzed,GlovesD_3_n34,Sample,3500_NGM_SE_2500_50bis100rfu,NGMSElect_panel_v1X,LIZ600_60-460,D2S1338,17,18,20,24,,,,,,,25931,3558,7320,24803,,,,,,,
Analyzed,GlovesD_3_n34,Sample,3500_NGM_SE_2500_50bis100rfu,NGMSElect_panel_v1X,LIZ600_60-460,AMEL,X,Y,,,,,,,,,29819,18120,,,,,,,,,
Analyzed,GlovesD_3_n34,Sample,3500_NGM_SE_2500_50bis100rfu,NGMSElect_panel_v1X,LIZ600_60-460,D8S1179,13,14,,,,,,,,,9849,33624,,,,,,,,,
Analyzed,GlovesD_3_n34,Sample,3500_NGM_SE_2500_50bis100rfu,NGMSElect_panel_v1X,LIZ600_60-460,D21S11,28,30,30.2,32.2,,,,,,,27541,1459,240,32724,,,,,,,
Analyzed,GlovesD_3_n34,Sample,3500_NGM_SE_2500_50bis100rfu,NGMSElect_panel_v1X,LIZ600_60-460,D18S51,13,15,18,,,,,,,,1974,21490,15380,,,,,,,,
Analyzed,GlovesD_3_n34,Sample,3500_NGM_SE_2500_50bis100rfu,NGMSElect_panel_v1X,LIZ600_60-460,D22S1045,16,17,,,,,,,,,32206,32579,,,,,,,,,
Analyzed,GlovesD_3_n34,Sample,3500_NGM_SE_2500_50bis100rfu,NGMSElect_panel_v1X,LIZ600_60-460,D19S433,13,14,14.2,,,,,,,,32360,32360,2962,,,,,,,,
Analyzed,GlovesD_3_n34,Sample,3500_NGM_SE_2500_50bis100rfu,NGMSElect_panel_v1X,LIZ600_60-460,TH01,6,7,8,,,,,,,,29248,32487,1984,,,,,,,,
Analyzed,GlovesD_3_n34,Sample,3500_NGM_SE_2500_50bis100rfu,NGMSElect_panel_v1X,LIZ600_60-460,FGA,19,21,22,23,,,,,,,15730,16337,1053,2501,,,,,,,
Analyzed,GlovesD_3_n34,Sample,3500_NGM_SE_2500_50bis100rfu,NGMSElect_panel_v1X,LIZ600_60-460,D2S441,11,14,,,,,,,,,28290,5489,,,,,,,,,
Analyzed,GlovesD_3_n34,Sample,3500_NGM_SE_2500_50bis100rfu,NGMSElect_panel_v1X,LIZ600_60-460,D3S1358,15,16,,,,,,,,,19594,27155,,,,,,,,,
Analyzed,GlovesD_3_n34,Sample,3500_NGM_SE_2500_50bis100rfu,NGMSElect_panel_v1X,LIZ600_60-460,D1S1656,15,16,17.3,,,,,,,,15757,2971,14175,,,,,,,,
Analyzed,GlovesD_3_n34,Sample,3500_NGM_SE_2500_50bis100rfu,NGMSElect_panel_v1X,LIZ600_60-460,D12S391,16,20,22,23,,,,,,,17265,942,13402,1852,,,,,,,
Analyzed,GlovesD_3_n34,Sample,3500_NGM_SE_2500_50bis100rfu,NGMSElect_panel_v1X,LIZ600_60-460,SE33,19,22.2,28.2,30.2,,,,,,,2628,15514,2350,21943,,,,,,,
Analyzed,GlovesE_1_n30,Sample,3500_NGM_SE_2500_50bis100rfu,NGMSElect_panel_v1X,LIZ600_60-460,D10S1248,13,14,15,,,,,,,,7832,863,6704,,,,,,,,
Analyzed,GlovesE_1_n30,Sample,3500_NGM_SE_2500_50bis100rfu,NGMSElect_panel_v1X,LIZ600_60-460,vWA,15,17,,,,,,,,,5067,5668,,,,,,,,,
Analyzed,GlovesE_1_n30,Sample,3500_NGM_SE_2500_50bis100rfu,NGMSElect_panel_v1X,LIZ600_60-460,D16S539,9,11,12,,,,,,,,5969,458,5440,,,,,,,,
Analyzed,GlovesE_1_n30,Sample,3500_NGM_SE_2500_50bis100rfu,NGMSElect_panel_v1X,LIZ600_60-460,D2S1338,17,18,20,24,,,,,,,447,6341,5337,182,,,,,,,
Analyzed,GlovesE_1_n30,Sample,3500_NGM_SE_2500_50bis100rfu,NGMSElect_panel_v1X,LIZ600_60-460,AMEL,X,Y,,,,,,,,,20428,137,,,,,,,,,
Analyzed,GlovesE_1_n30,Sample,3500_NGM_SE_2500_50bis100rfu,NGMSElect_panel_v1X,LIZ600_60-460,D8S1179,13,14,,,,,,,,,18109,115,,,,,,,,,
Analyzed,GlovesE_1_n30,Sample,3500_NGM_SE_2500_50bis100rfu,NGMSElect_panel_v1X,LIZ600_60-460,D21S11,28,30,30.2,,,,,,,,150,8623,7363,,,,,,,,
Analyzed,GlovesE_1_n30,Sample,3500_NGM_SE_2500_50bis100rfu,NGMSElect_panel_v1X,LIZ600_60-460,D18S51,13,15,18,,,,,,,,7021,5879,127,,,,,,,,
Analyzed,GlovesE_1_n30,Sample,3500_NGM_SE_2500_50bis100rfu,NGMSElect_panel_v1X,LIZ600_60-460,D22S1045,16,17,,,,,,,,,16144,855,,,,,,,,,
Analyzed,GlovesE_1_n30,Sample,3500_NGM_SE_2500_50bis100rfu,NGMSElect_panel_v1X,LIZ600_60-460,D19S433,13,14,14.2,,,,,,,,863,9179,8473,,,,,,,,
Analyzed,GlovesE_1_n30,Sample,3500_NGM_SE_2500_50bis100rfu,NGMSElect_panel_v1X,LIZ600_60-460,TH01,6,7,8,,,,,,,,8095,189,7703,,,,,,,,
Analyzed,GlovesE_1_n30,Sample,3500_NGM_SE_2500_50bis100rfu,NGMSElect_panel_v1X,LIZ600_60-460,FGA,19,21,22,23,,,,,,,332,612,6508,4970,,,,,,,
Analyzed,GlovesE_1_n30,Sample,3500_NGM_SE_2500_50bis100rfu,NGMSElect_panel_v1X,LIZ600_60-460,D2S441,11,14,,,,,,,,,6220,5383,,,,,,,,,
Analyzed,GlovesE_1_n30,Sample,3500_NGM_SE_2500_50bis100rfu,NGMSElect_panel_v1X,LIZ600_60-460,D3S1358,15,16,,,,,,,,,7048,6610,,,,,,,,,
Analyzed,GlovesE_1_n30,Sample,3500_NGM_SE_2500_50bis100rfu,NGMSElect_panel_v1X,LIZ600_60-460,D1S1656,15,16,17.3,,,,,,,,6748,5174,138,,,,,,,,
Analyzed,GlovesE_1_n30,Sample,3500_NGM_SE_2500_50bis100rfu,NGMSElect_panel_v1X,LIZ600_60-460,D12S391,20,22,23,,,,,,,,5271,537,4749,,,,,,,,
Analyzed,GlovesE_1_n30,Sample,3500_NGM_SE_2500_50bis100rfu,NGMSElect_panel_v1X,LIZ600_60-460,SE33,19,28.2,30.2,,,,,,,,5237,4223,109,,,,,,,,
Analyzed,GlovesE_2_n30,Sample,3500_NGM_SE_2500_50bis100rfu,NGMSElect_panel_v1X,LIZ600_60-460,D10S1248,13,14,15,,,,,,,,7655,628,6640,,,,,,,,
Analyzed,GlovesE_2_n30,Sample,3500_NGM_SE_2500_50bis100rfu,NGMSElect_panel_v1X,LIZ600_60-460,vWA,15,17,,,,,,,,,5429,4763,,,,,,,,,
Analyzed,GlovesE_2_n30,Sample,3500_NGM_SE_2500_50bis100rfu,NGMSElect_panel_v1X,LIZ600_60-460,D16S539,9,11,12,,,,,,,,6181,416,5195,,,,,,,,
Analyzed,GlovesE_2_n30,Sample,3500_NGM_SE_2500_50bis100rfu,NGMSElect_panel_v1X,LIZ600_60-460,D2S1338,17,18,20,24,,,,,,,715,7475,5307,78,,,,,,,
Analyzed,GlovesE_2_n30,Sample,3500_NGM_SE_2500_50bis100rfu,NGMSElect_panel_v1X,LIZ600_60-460,AMEL,X,Y,,,,,,,,,18147,270,,,,,,,,,
Analyzed,GlovesE_2_n30,Sample,3500_NGM_SE_2500_50bis100rfu,NGMSElect_panel_v1X,LIZ600_60-460,D8S1179,13,14,,,,,,,,,22357,523,,,,,,,,,
Analyzed,GlovesE_2_n30,Sample,3500_NGM_SE_2500_50bis100rfu,NGMSElect_panel_v1X,LIZ600_60-460,D21S11,28,30,30.2,,,,,,,,150,8716,10414,,,,,,,,
Analyzed,GlovesE_2_n30,Sample,3500_NGM_SE_2500_50bis100rfu,NGMSElect_panel_v1X,LIZ600_60-460,D18S51,13,15,,,,,,,,,4789,4198,,,,,,,,,
Analyzed,GlovesE_2_n30,Sample,3500_NGM_SE_2500_50bis100rfu,NGMSElect_panel_v1X,LIZ600_60-460,D22S1045,16,17,,,,,,,,,19104,981,,,,,,,,,
Analyzed,GlovesE_2_n30,Sample,3500_NGM_SE_2500_50bis100rfu,NGMSElect_panel_v1X,LIZ600_60-460,D19S433,13,14,14.2,,,,,,,,504,6404,7061,,,,,,,,
Analyzed,GlovesE_2_n30,Sample,3500_NGM_SE_2500_50bis100rfu,NGMSElect_panel_v1X,LIZ600_60-460,TH01,6,7,8,,,,,,,,7702,371,5409,,,,,,,,
Analyzed,GlovesE_2_n30,Sample,3500_NGM_SE_2500_50bis100rfu,NGMSElect_panel_v1X,LIZ600_60-460,FGA,19,21,22,23,,,,,,,133,614,5468,5152,,,,,,,
Analyzed,GlovesE_2_n30,Sample,3500_NGM_SE_2500_50bis100rfu,NGMSElect_panel_v1X,LIZ600_60-460,D2S441,11,14,,,,,,,,,10552,11773,,,,,,,,,
Analyzed,GlovesE_2_n30,Sample,3500_NGM_SE_2500_50bis100rfu,NGMSElect_panel_v1X,LIZ600_60-460,D3S1358,15,16,,,,,,,,,10200,8401,,,,,,,,,
Analyzed,GlovesE_2_n30,Sample,3500_NGM_SE_2500_50bis100rfu,NGMSElect_panel_v1X,LIZ600_60-460,D1S1656,15,16,,,,,,,,,5162,3923,,,,,,,,,
Analyzed,GlovesE_2_n30,Sample,3500_NGM_SE_2500_50bis100rfu,NGMSElect_panel_v1X,LIZ600_60-460,D12S391,16,20,22,23,,,,,,,171,4156,557,4480,,,,,,,
Analyzed,GlovesE_2_n30,Sample,3500_NGM_SE_2500_50bis100rfu,NGMSElect_panel_v1X,LIZ600_60-460,SE33,19,28.2,30.2,,,,,,,,5634,6874,154,,,,,,,,
Analyzed,GlovesE_3_n30,Sample,3500_NGM_SE_2500_50bis100rfu,NGMSElect_panel_v1X,LIZ600_60-460,D10S1248,13,14,15,,,,,,,,11460,950,9964,,,,,,,,
Analyzed,GlovesE_3_n30,Sample,3500_NGM_SE_2500_50bis100rfu,NGMSElect_panel_v1X,LIZ600_60-460,vWA,15,17,,,,,,,,,7840,8520,,,,,,,,,
Analyzed,GlovesE_3_n30,Sample,3500_NGM_SE_2500_50bis100rfu,NGMSElect_panel_v1X,LIZ600_60-460,D16S539,9,11,12,,,,,,,,9432,655,9988,,,,,,,,
Analyzed,GlovesE_3_n30,Sample,3500_NGM_SE_2500_50bis100rfu,NGMSElect_panel_v1X,LIZ600_60-460,D2S1338,17,18,20,24,,,,,,,1205,10531,9860,106,,,,,,,
Analyzed,GlovesE_3_n30,Sample,3500_NGM_SE_2500_50bis100rfu,NGMSElect_panel_v1X,LIZ600_60-460,AMEL,X,Y,,,,,,,,,28013,144,,,,,,,,,
Analyzed,GlovesE_3_n30,Sample,3500_NGM_SE_2500_50bis100rfu,NGMSElect_panel_v1X,LIZ600_60-460,D8S1179,13,14,,,,,,,,,25354,529,,,,,,,,,
Analyzed,GlovesE_3_n30,Sample,3500_NGM_SE_2500_50bis100rfu,NGMSElect_panel_v1X,LIZ600_60-460,D21S11,28,30,30.2,32.2,,,,,,,124,10530,11691,247,,,,,,,
Analyzed,GlovesE_3_n30,Sample,3500_NGM_SE_2500_50bis100rfu,NGMSElect_panel_v1X,LIZ600_60-460,D18S51,13,15,18,,,,,,,,7283,10826,361,,,,,,,,
Analyzed,GlovesE_3_n30,Sample,3500_NGM_SE_2500_50bis100rfu,NGMSElect_panel_v1X,LIZ600_60-460,D22S1045,16,17,,,,,,,,,25849,1513,,,,,,,,,
Analyzed,GlovesE_3_n30,Sample,3500_NGM_SE_2500_50bis100rfu,NGMSElect_panel_v1X,LIZ600_60-460,D19S433,13,14,14.2,,,,,,,,1091,12250,14096,,,,,,,,
Analyzed,GlovesE_3_n30,Sample,3500_NGM_SE_2500_50bis100rfu,NGMSElect_panel_v1X,LIZ600_60-460,TH01,6,7,8,,,,,,,,9888,232,8443,,,,,,,,
Analyzed,GlovesE_3_n30,Sample,3500_NGM_SE_2500_50bis100rfu,NGMSElect_panel_v1X,LIZ600_60-460,FGA,21,22,23,,,,,,,,758,11667,10695,,,,,,,,
Analyzed,GlovesE_3_n30,Sample,3500_NGM_SE_2500_50bis100rfu,NGMSElect_panel_v1X,LIZ600_60-460,D2S441,11,14,,,,,,,,,10033,12772,,,,,,,,,
Analyzed,GlovesE_3_n30,Sample,3500_NGM_SE_2500_50bis100rfu,NGMSElect_panel_v1X,LIZ600_60-460,D3S1358,15,16,,,,,,,,,11814,9609,,,,,,,,,
Analyzed,GlovesE_3_n30,Sample,3500_NGM_SE_2500_50bis100rfu,NGMSElect_panel_v1X,LIZ600_60-460,D1S1656,15,16,,,,,,,,,7705,7670,,,,,,,,,
Analyzed,GlovesE_3_n30,Sample,3500_NGM_SE_2500_50bis100rfu,NGMSElect_panel_v1X,LIZ600_60-460,D12S391,20,22,23,,,,,,,,7094,985,5460,,,,,,,,
Analyzed,GlovesE_3_n30,Sample,3500_NGM_SE_2500_50bis100rfu,NGMSElect_panel_v1X,LIZ600_60-460,SE33,19,28.2,30.2,,,,,,,,10884,8253,181,,,,,,,,
Analyzed,SwabA_1_n34,Sample,3500_NGM_SE_2500_50bis100rfu,NGMSElect_panel_v1X,LIZ600_60-460,D10S1248,11,12,13,14,15,,,,,,475,6134,2959,2822,5343,,,,,,
Analyzed,SwabA_1_n34,Sample,3500_NGM_SE_2500_50bis100rfu,NGMSElect_panel_v1X,LIZ600_60-460,vWA,14,15,16,17,,,,,,,2852,9119,1203,13539,,,,,,,
Analyzed,SwabA_1_n34,Sample,3500_NGM_SE_2500_50bis100rfu,NGMSElect_panel_v1X,LIZ600_60-460,D16S539,10,12,13,,,,,,,,6723,474,3232,,,,,,,,
Analyzed,SwabA_1_n34,Sample,3500_NGM_SE_2500_50bis100rfu,NGMSElect_panel_v1X,LIZ600_60-460,D2S1338,16,17,19,,,,,,,,2355,10092,19922,,,,,,,,
Analyzed,SwabA_1_n34,Sample,3500_NGM_SE_2500_50bis100rfu,NGMSElect_panel_v1X,LIZ600_60-460,AMEL,X,Y,,,,,,,,,8598,739,,,,,,,,,
Analyzed,SwabA_1_n34,Sample,3500_NGM_SE_2500_50bis100rfu,NGMSElect_panel_v1X,LIZ600_60-460,D8S1179,10,11,13,14,15,,,,,,2757,15890,23011,682,1054,,,,,,
Analyzed,SwabA_1_n34,Sample,3500_NGM_SE_2500_50bis100rfu,NGMSElect_panel_v1X,LIZ600_60-460,D21S11,27,28,29,,,,,,,,2347,1447,9357,,,,,,,,
Analyzed,SwabA_1_n34,Sample,3500_NGM_SE_2500_50bis100rfu,NGMSElect_panel_v1X,LIZ600_60-460,D18S51,12,16,21,22,,,,,,,554,756,1515,3161,,,,,,,
Analyzed,SwabA_1_n34,Sample,3500_NGM_SE_2500_50bis100rfu,NGMSElect_panel_v1X,LIZ600_60-460,D22S1045,11,15,16,,,,,,,,1760,14061,11207,,,,,,,,
Analyzed,SwabA_1_n34,Sample,3500_NGM_SE_2500_50bis100rfu,NGMSElect_panel_v1X,LIZ600_60-460,D19S433,13,14,16,,,,,,,,3372,4197,849,,,,,,,,
Analyzed,SwabA_1_n34,Sample,3500_NGM_SE_2500_50bis100rfu,NGMSElect_panel_v1X,LIZ600_60-460,TH01,8,9.3,,,,,,,,,2475,3430,,,,,,,,,
Analyzed,SwabA_1_n34,Sample,3500_NGM_SE_2500_50bis100rfu,NGMSElect_panel_v1X,LIZ600_60-460,FGA,20,21,,,,,,,,,3523,478,,,,,,,,,
Analyzed,SwabA_1_n34,Sample,3500_NGM_SE_2500_50bis100rfu,NGMSElect_panel_v1X,LIZ600_60-460,D2S441,10,11,14,,,,,,,,14414,1237,14974,,,,,,,,
Analyzed,SwabA_1_n34,Sample,3500_NGM_SE_2500_50bis100rfu,NGMSElect_panel_v1X,LIZ600_60-460,D3S1358,15,17,,,,,,,,,9691,5604,,,,,,,,,
Analyzed,SwabA_1_n34,Sample,3500_NGM_SE_2500_50bis100rfu,NGMSElect_panel_v1X,LIZ600_60-460,D1S1656,12,18.3,,,,,,,,,2474,2348,,,,,,,,,
Analyzed,SwabA_1_n34,Sample,3500_NGM_SE_2500_50bis100rfu,NGMSElect_panel_v1X,LIZ600_60-460,D12S391,18.3,22,23,,,,,,,,3113,3374,660,,,,,,,,
Analyzed,SwabA_1_n34,Sample,3500_NGM_SE_2500_50bis100rfu,NGMSElect_panel_v1X,LIZ600_60-460,SE33,21,26.2,31.2,,,,,,,,1473,2947,3641,,,,,,,,
Analyzed,SwabA_2_n34,Sample,3500_NGM_SE_2500_50bis100rfu,NGMSElect_panel_v1X,LIZ600_60-460,D10S1248,12,14,15,,,,,,,,3021,1355,13013,,,,,,,,
Analyzed,SwabA_2_n34,Sample,3500_NGM_SE_2500_50bis100rfu,NGMSElect_panel_v1X,LIZ600_60-460,vWA,14,15,16,17,18,,,,,,3532,5806,1397,4663,454,,,,,,
Analyzed,SwabA_2_n34,Sample,3500_NGM_SE_2500_50bis100rfu,NGMSElect_panel_v1X,LIZ600_60-460,D16S539,9,10,11,12,13,,,,,,2089,13119,1602,3800,10848,,,,,,
Analyzed,SwabA_2_n34,Sample,3500_NGM_SE_2500_50bis100rfu,NGMSElect_panel_v1X,LIZ600_60-460,D2S1338,17,19,24,25,,,,,,,6576,9473,1388,1524,,,,,,,
Analyzed,SwabA_2_n34,Sample,3500_NGM_SE_2500_50bis100rfu,NGMSElect_panel_v1X,LIZ600_60-460,AMEL,X,Y,,,,,,,,,8694,2083,,,,,,,,,
Analyzed,SwabA_2_n34,Sample,3500_NGM_SE_2500_50bis100rfu,NGMSElect_panel_v1X,LIZ600_60-460,D8S1179,11,13,,,,,,,,,12179,11183,,,,,,,,,
Analyzed,SwabA_2_n34,Sample,3500_NGM_SE_2500_50bis100rfu,NGMSElect_panel_v1X,LIZ600_60-460,D21S11,27,28,29,,,,,,,,7759,1696,2937,,,,,,,,
Analyzed,SwabA_2_n34,Sample,3500_NGM_SE_2500_50bis100rfu,NGMSElect_panel_v1X,LIZ600_60-460,D18S51,12,15,21,,,,,,,,483,322,3289,,,,,,,,
Analyzed,SwabA_2_n34,Sample,3500_NGM_SE_2500_50bis100rfu,NGMSElect_panel_v1X,LIZ600_60-460,D22S1045,15,16,,,,,,,,,15021,11970,,,,,,,,,
Analyzed,SwabA_2_n34,Sample,3500_NGM_SE_2500_50bis100rfu,NGMSElect_panel_v1X,LIZ600_60-460,D19S433,13,14,,,,,,,,,3447,5522,,,,,,,,,
Analyzed,SwabA_2_n34,Sample,3500_NGM_SE_2500_50bis100rfu,NGMSElect_panel_v1X,LIZ600_60-460,TH01,6,7,8,9,9.3,,,,,,263,761,2950,329,2533,,,,,,
Analyzed,SwabA_2_n34,Sample,3500_NGM_SE_2500_50bis100rfu,NGMSElect_panel_v1X,LIZ600_60-460,FGA,20,25,,,,,,,,,4111,1734,,,,,,,,,
Analyzed,SwabA_2_n34,Sample,3500_NGM_SE_2500_50bis100rfu,NGMSElect_panel_v1X,LIZ600_60-460,D2S441,10,11,14,15,,,,,,,12087,5028,13038,3300,,,,,,,
Analyzed,SwabA_2_n34,Sample,3500_NGM_SE_2500_50bis100rfu,NGMSElect_panel_v1X,LIZ600_60-460,D3S1358,15,17,,,,,,,,,6745,7532,,,,,,,,,
Analyzed,SwabA_2_n34,Sample,3500_NGM_SE_2500_50bis100rfu,NGMSElect_panel_v1X,LIZ600_60-460,D1S1656,11,12,14,15,16,18.3,,,,,761,1862,812,401,930,3528,,,,,
Analyzed,SwabA_2_n34,Sample,3500_NGM_SE_2500_50bis100rfu,NGMSElect_panel_v1X,LIZ600_60-460,D12S391,18.3,19,21,22,23,,,,,,4785,1021,1575,5375,455,,,,,,
Analyzed,SwabA_2_n34,Sample,3500_NGM_SE_2500_50bis100rfu,NGMSElect_panel_v1X,LIZ600_60-460,SE33,14,26.2,31.2,32.2,,,,,,,3280,4079,4996,1469,,,,,,,
Analyzed,SwabA_3_n34,Sample,3500_NGM_SE_2500_50bis100rfu,NGMSElect_panel_v1X,LIZ600_60-460,D10S1248,11,12,14,15,,,,,,,356,2653,574,1792,,,,,,,
Analyzed,SwabA_3_n34,Sample,3500_NGM_SE_2500_50bis100rfu,NGMSElect_panel_v1X,LIZ600_60-460,vWA,14,15,16,17,,,,,,,1514,3752,380,6102,,,,,,,
Analyzed,SwabA_3_n34,Sample,3500_NGM_SE_2500_50bis100rfu,NGMSElect_panel_v1X,LIZ600_60-460,D16S539,9,10,11,12,13,,,,,,194,5160,156,1948,3235,,,,,,
Analyzed,SwabA_3_n34,Sample,3500_NGM_SE_2500_50bis100rfu,NGMSElect_panel_v1X,LIZ600_60-460,D2S1338,17,19,24,,,,,,,,2974,6411,1380,,,,,,,,
Analyzed,SwabA_3_n34,Sample,3500_NGM_SE_2500_50bis100rfu,NGMSElect_panel_v1X,LIZ600_60-460,AMEL,X,,,,,,,,,,1430,,,,,,,,,,
Analyzed,SwabA_3_n34,Sample,3500_NGM_SE_2500_50bis100rfu,NGMSElect_panel_v1X,LIZ600_60-460,D8S1179,11,13,,,,,,,,,8264,4791,,,,,,,,,
Analyzed,SwabA_3_n34,Sample,3500_NGM_SE_2500_50bis100rfu,NGMSElect_panel_v1X,LIZ600_60-460,D21S11,27,29,30,,,,,,,,2693,552,210,,,,,,,,
Analyzed,SwabA_3_n34,Sample,3500_NGM_SE_2500_50bis100rfu,NGMSElect_panel_v1X,LIZ600_60-460,D18S51,12,17,21,22,,,,,,,56,133,196,74,,,,,,,
Analyzed,SwabA_3_n34,Sample,3500_NGM_SE_2500_50bis100rfu,NGMSElect_panel_v1X,LIZ600_60-460,D22S1045,11,15,16,,,,,,,,551,9394,6540,,,,,,,,
Analyzed,SwabA_3_n34,Sample,3500_NGM_SE_2500_50bis100rfu,NGMSElect_panel_v1X,LIZ600_60-460,D19S433,13,14,,,,,,,,,91,97,,,,,,,,,
Analyzed,SwabA_3_n34,Sample,3500_NGM_SE_2500_50bis100rfu,NGMSElect_panel_v1X,LIZ600_60-460,TH01,8,9.3,,,,,,,,,1274,818,,,,,,,,,
Analyzed,SwabA_3_n34,Sample,3500_NGM_SE_2500_50bis100rfu,NGMSElect_panel_v1X,LIZ600_60-460,FGA,20,,,,,,,,,,235,,,,,,,,,,
Analyzed,SwabA_3_n34,Sample,3500_NGM_SE_2500_50bis100rfu,NGMSElect_panel_v1X,LIZ600_60-460,D2S441,10,11,14,,,,,,,,13316,1279,9807,,,,,,,,
Analyzed,SwabA_3_n34,Sample,3500_NGM_SE_2500_50bis100rfu,NGMSElect_panel_v1X,LIZ600_60-460,D3S1358,15,17,,,,,,,,,3039,2234,,,,,,,,,
Analyzed,SwabA_3_n34,Sample,3500_NGM_SE_2500_50bis100rfu,NGMSElect_panel_v1X,LIZ600_60-460,D1S1656,12,14,18.3,,,,,,,,172,119,286,,,,,,,,
Analyzed,SwabA_3_n34,Sample,3500_NGM_SE_2500_50bis100rfu,NGMSElect_panel_v1X,LIZ600_60-460,D12S391,18.3,22,23,,,,,,,,500,600,196,,,,,,,,
Analyzed,SwabA_3_n34,Sample,3500_NGM_SE_2500_50bis100rfu,NGMSElect_panel_v1X,LIZ600_60-460,SE33,26.2,31.2,,,,,,,,,2718,2694,,,,,,,,,
Analyzed,Negativecontrol_1_n34,Negative Control,3500_NGM_SE_2500_50bis100rfu,NGMSElect_panel_v1X,LIZ600_60-460,D10S1248,,,,,,,,,,,,,,,,,,,,,
Analyzed,Negativecontrol_1_n34,Negative Control,3500_NGM_SE_2500_50bis100rfu,NGMSElect_panel_v1X,LIZ600_60-460,vWA,,,,,,,,,,,,,,,,,,,,,
Analyzed,Negativecontrol_1_n34,Negative Control,3500_NGM_SE_2500_50bis100rfu,NGMSElect_panel_v1X,LIZ600_60-460,D16S539,,,,,,,,,,,,,,,,,,,,,
Analyzed,Negativecontrol_1_n34,Negative Control,3500_NGM_SE_2500_50bis100rfu,NGMSElect_panel_v1X,LIZ600_60-460,D2S1338,,,,,,,,,,,,,,,,,,,,,
Analyzed,Negativecontrol_1_n34,Negative Control,3500_NGM_SE_2500_50bis100rfu,NGMSElect_panel_v1X,LIZ600_60-460,AMEL,,,,,,,,,,,,,,,,,,,,,
Analyzed,Negativecontrol_1_n34,Negative Control,3500_NGM_SE_2500_50bis100rfu,NGMSElect_panel_v1X,LIZ600_60-460,D8S1179,,,,,,,,,,,,,,,,,,,,,
Analyzed,Negativecontrol_1_n34,Negative Control,3500_NGM_SE_2500_50bis100rfu,NGMSElect_panel_v1X,LIZ600_60-460,D21S11,,,,,,,,,,,,,,,,,,,,,
Analyzed,Negativecontrol_1_n34,Negative Control,3500_NGM_SE_2500_50bis100rfu,NGMSElect_panel_v1X,LIZ600_60-460,D18S51,,,,,,,,,,,,,,,,,,,,,
Analyzed,Negativecontrol_1_n34,Negative Control,3500_NGM_SE_2500_50bis100rfu,NGMSElect_panel_v1X,LIZ600_60-460,D22S1045,,,,,,,,,,,,,,,,,,,,,
Analyzed,Negativecontrol_1_n34,Negative Control,3500_NGM_SE_2500_50bis100rfu,NGMSElect_panel_v1X,LIZ600_60-460,D19S433,,,,,,,,,,,,,,,,,,,,,
Analyzed,Negativecontrol_1_n34,Negative Control,3500_NGM_SE_2500_50bis100rfu,NGMSElect_panel_v1X,LIZ600_60-460,TH01,,,,,,,,,,,,,,,,,,,,,
Analyzed,Negativecontrol_1_n34,Negative Control,3500_NGM_SE_2500_50bis100rfu,NGMSElect_panel_v1X,LIZ600_60-460,FGA,,,,,,,,,,,,,,,,,,,,,
Analyzed,Negativecontrol_1_n34,Negative Control,3500_NGM_SE_2500_50bis100rfu,NGMSElect_panel_v1X,LIZ600_60-460,D2S441,,,,,,,,,,,,,,,,,,,,,
Analyzed,Negativecontrol_1_n34,Negative Control,3500_NGM_SE_2500_50bis100rfu,NGMSElect_panel_v1X,LIZ600_60-460,D3S1358,,,,,,,,,,,,,,,,,,,,,
Analyzed,Negativecontrol_1_n34,Negative Control,3500_NGM_SE_2500_50bis100rfu,NGMSElect_panel_v1X,LIZ600_60-460,D1S1656,,,,,,,,,,,,,,,,,,,,,
Analyzed,Negativecontrol_1_n34,Negative Control,3500_NGM_SE_2500_50bis100rfu,NGMSElect_panel_v1X,LIZ600_60-460,D12S391,,,,,,,,,,,,,,,,,,,,,
Analyzed,Negativecontrol_1_n34,Negative Control,3500_NGM_SE_2500_50bis100rfu,NGMSElect_panel_v1X,LIZ600_60-460,SE33,,,,,,,,,,,,,,,,,,,,,
Analyzed,NGMSELadder_1_n0,Allelic Ladder,3500_NGM_SE_2500_50bis100rfu,NGMSElect_panel_v1X,LIZ600_60-460,D10S1248,8,9,10,11,12,13,14,15,16,17,3166,3122,2669,2754,2627,2368,2451,2435,2305,2450,
Analyzed,NGMSELadder_1_n0,Allelic Ladder,3500_NGM_SE_2500_50bis100rfu,NGMSElect_panel_v1X,LIZ600_60-460,vWA,11,12,13,14,15,16,17,18,19,20,2561,2630,2502,2369,2541,2542,2447,2421,2496,2375,
Analyzed,NGMSELadder_1_n0,Allelic Ladder,3500_NGM_SE_2500_50bis100rfu,NGMSElect_panel_v1X,LIZ600_60-460,D16S539,5,8,9,10,11,12,13,14,15,,2102,2165,2512,2601,2486,2495,2419,2559,2394,,
Analyzed,NGMSELadder_1_n0,Allelic Ladder,3500_NGM_SE_2500_50bis100rfu,NGMSElect_panel_v1X,LIZ600_60-460,D2S1338,15,16,17,18,19,20,21,22,23,24,2285,2345,2433,2413,2496,2277,2401,2296,2631,2919,
Analyzed,NGMSELadder_1_n0,Allelic Ladder,3500_NGM_SE_2500_50bis100rfu,NGMSElect_panel_v1X,LIZ600_60-460,AMEL,X,Y,,,,,,,,,4019,4508,,,,,,,,,
Analyzed,NGMSELadder_1_n0,Allelic Ladder,3500_NGM_SE_2500_50bis100rfu,NGMSElect_panel_v1X,LIZ600_60-460,D8S1179,8,9,10,11,12,13,14,15,16,17,4940,4560,4223,4514,3914,4094,4908,4429,4379,4398,
Analyzed,NGMSELadder_1_n0,Allelic Ladder,3500_NGM_SE_2500_50bis100rfu,NGMSElect_panel_v1X,LIZ600_60-460,D21S11,24,24.2,25,26,27,28,28.2,29,29.2,30,4471,3440,3852,3327,3768,3798,3512,3961,3778,4101,
Analyzed,NGMSELadder_1_n0,Allelic Ladder,3500_NGM_SE_2500_50bis100rfu,NGMSElect_panel_v1X,LIZ600_60-460,D18S51,7,9,10,10.2,11,12,13,13.2,14,14.2,3676,3743,3799,3744,3816,3735,3703,3770,3804,3718,
Analyzed,NGMSELadder_1_n0,Allelic Ladder,3500_NGM_SE_2500_50bis100rfu,NGMSElect_panel_v1X,LIZ600_60-460,D22S1045,8,9,10,11,12,13,14,15,16,17,4806,4527,3444,3657,4382,4556,4255,4233,3987,4325,
Analyzed,NGMSELadder_1_n0,Allelic Ladder,3500_NGM_SE_2500_50bis100rfu,NGMSElect_panel_v1X,LIZ600_60-460,D19S433,9,10,11,12,12.2,13,13.2,14,14.2,15,4679,4484,4207,4049,4039,3788,3728,3881,3837,3478,
Analyzed,NGMSELadder_1_n0,Allelic Ladder,3500_NGM_SE_2500_50bis100rfu,NGMSElect_panel_v1X,LIZ600_60-460,TH01,4,5,6,7,8,9,9.3,10,11,13.3,3493,3530,3477,3450,3621,3948,3582,3751,4041,3787,
Analyzed,NGMSELadder_1_n0,Allelic Ladder,3500_NGM_SE_2500_50bis100rfu,NGMSElect_panel_v1X,LIZ600_60-460,FGA,17,18,19,20,21,22,23,24,25,26,3236,3431,3337,3435,3518,3401,3600,3650,3789,3658,
Analyzed,NGMSELadder_1_n0,Allelic Ladder,3500_NGM_SE_2500_50bis100rfu,NGMSElect_panel_v1X,LIZ600_60-460,D2S441,9,10,11,11.3,12,13,14,15,16,,4120,3698,3468,3942,3535,3527,3453,3412,3275,,
Analyzed,NGMSELadder_1_n0,Allelic Ladder,3500_NGM_SE_2500_50bis100rfu,NGMSElect_panel_v1X,LIZ600_60-460,D3S1358,12,13,14,15,16,17,18,19,,,3518,3377,3873,3456,3557,3391,3508,3060,,,
Analyzed,NGMSELadder_1_n0,Allelic Ladder,3500_NGM_SE_2500_50bis100rfu,NGMSElect_panel_v1X,LIZ600_60-460,D1S1656,9,10,11,12,13,14,14.3,15,15.3,16,3676,3687,3189,3275,3804,3347,3069,3561,3533,3625,
Analyzed,NGMSELadder_1_n0,Allelic Ladder,3500_NGM_SE_2500_50bis100rfu,NGMSElect_panel_v1X,LIZ600_60-460,D12S391,14,15,16,17,18,19,19.3,20,21,22,3552,3359,3460,3586,3066,3175,3690,3446,3544,3259,
Analyzed,NGMSELadder_1_n0,Allelic Ladder,3500_NGM_SE_2500_50bis100rfu,NGMSElect_panel_v1X,LIZ600_60-460,SE33,4.2,6.3,8,9,11,12,13,14,15,16,3744,3608,3875,3669,3513,3824,3486,3272,3373,3127,
Analyzed,NGMSE_Ladder_1_n0,Allelic Ladder,3500_NGM_SE_2500_50bis100rfu,NGMSElect_panel_v1X,LIZ600_60-460,D10S1248,8,9,10,11,12,13,14,15,16,17,3494,3401,2872,2979,2847,2582,2662,2580,2481,2616,
Analyzed,NGMSE_Ladder_1_n0,Allelic Ladder,3500_NGM_SE_2500_50bis100rfu,NGMSElect_panel_v1X,LIZ600_60-460,vWA,11,12,13,14,15,16,17,18,19,20,2801,2861,2696,2555,2756,2742,2712,2603,2674,2559,
Analyzed,NGMSE_Ladder_1_n0,Allelic Ladder,3500_NGM_SE_2500_50bis100rfu,NGMSElect_panel_v1X,LIZ600_60-460,D16S539,5,8,9,10,11,12,13,14,15,,2302,2383,2744,2850,2739,2765,2639,2741,2582,,
Analyzed,NGMSE_Ladder_1_n0,Allelic Ladder,3500_NGM_SE_2500_50bis100rfu,NGMSElect_panel_v1X,LIZ600_60-460,D2S1338,15,16,17,18,19,20,21,22,23,24,2459,2492,2600,2599,2682,2432,2542,2455,2797,3182,
Analyzed,NGMSE_Ladder_1_n0,Allelic Ladder,3500_NGM_SE_2500_50bis100rfu,NGMSElect_panel_v1X,LIZ600_60-460,AMEL,X,Y,,,,,,,,,3858,4393,,,,,,,,,
Analyzed,NGMSE_Ladder_1_n0,Allelic Ladder,3500_NGM_SE_2500_50bis100rfu,NGMSElect_panel_v1X,LIZ600_60-460,D8S1179,8,9,10,11,12,13,14,15,16,17,4814,4383,4159,4392,3783,3918,4667,4187,4295,4250,
Analyzed,NGMSE_Ladder_1_n0,Allelic Ladder,3500_NGM_SE_2500_50bis100rfu,NGMSElect_panel_v1X,LIZ600_60-460,D21S11,24,24.2,25,26,27,28,28.2,29,29.2,30,4240,3301,3680,3276,3665,3751,3519,3922,3771,4000,
Analyzed,NGMSE_Ladder_1_n0,Allelic Ladder,3500_NGM_SE_2500_50bis100rfu,NGMSElect_panel_v1X,LIZ600_60-460,D18S51,7,9,10,10.2,11,12,13,13.2,14,14.2,3604,3656,3668,3760,3777,3658,3684,3613,3740,3600,
Analyzed,NGMSE_Ladder_1_n0,Allelic Ladder,3500_NGM_SE_2500_50bis100rfu,NGMSElect_panel_v1X,LIZ600_60-460,D22S1045,8,9,10,11,12,13,14,15,16,17,4853,4513,3233,3702,4336,4415,4149,4030,4037,4164,
Analyzed,NGMSE_Ladder_1_n0,Allelic Ladder,3500_NGM_SE_2500_50bis100rfu,NGMSElect_panel_v1X,LIZ600_60-460,D19S433,9,10,11,12,12.2,13,13.2,14,14.2,15,4614,4433,4024,3935,3918,3812,3694,3667,3739,3454,
Analyzed,NGMSE_Ladder_1_n0,Allelic Ladder,3500_NGM_SE_2500_50bis100rfu,NGMSElect_panel_v1X,LIZ600_60-460,TH01,4,5,6,7,8,9,9.3,10,11,13.3,3525,3477,3483,3412,3646,4019,3626,3755,4137,3811,
Analyzed,NGMSE_Ladder_1_n0,Allelic Ladder,3500_NGM_SE_2500_50bis100rfu,NGMSElect_panel_v1X,LIZ600_60-460,FGA,17,18,19,20,21,22,23,24,25,26,3178,3396,3396,3296,3466,3396,3557,3595,3710,3640,
Analyzed,NGMSE_Ladder_1_n0,Allelic Ladder,3500_NGM_SE_2500_50bis100rfu,NGMSElect_panel_v1X,LIZ600_60-460,D2S441,9,10,11,11.3,12,13,14,15,16,,4062,3791,3437,3856,3536,3572,3414,3391,3246,,
Analyzed,NGMSE_Ladder_1_n0,Allelic Ladder,3500_NGM_SE_2500_50bis100rfu,NGMSElect_panel_v1X,LIZ600_60-460,D3S1358,12,13,14,15,16,17,18,19,,,3358,3346,3822,3400,3619,3438,3610,3163,,,
Analyzed,NGMSE_Ladder_1_n0,Allelic Ladder,3500_NGM_SE_2500_50bis100rfu,NGMSElect_panel_v1X,LIZ600_60-460,D1S1656,9,10,11,12,13,14,14.3,15,15.3,16,3755,3781,3273,3334,3814,3375,3049,3699,3568,3712,
Analyzed,NGMSE_Ladder_1_n0,Allelic Ladder,3500_NGM_SE_2500_50bis100rfu,NGMSElect_panel_v1X,LIZ600_60-460,D12S391,14,15,16,17,18,19,19.3,20,21,22,3598,3494,3516,3650,3121,3242,3819,3445,3576,3384,
Analyzed,NGMSE_Ladder_1_n0,Allelic Ladder,3500_NGM_SE_2500_50bis100rfu,NGMSElect_panel_v1X,LIZ600_60-460,SE33,4.2,6.3,8,9,11,12,13,14,15,16,3850,3591,3796,3624,3472,3783,3429,3182,3316,3085,
Analyzed,PositiveDNA007NGM-SE_1_n30,Positive Control,3500_NGM_SE_2500_50bis100rfu,NGMSElect_panel_v1X,LIZ600_60-460,D10S1248,12,15,,,,,,,,,5635,4189,,,,,,,,,
Analyzed,PositiveDNA007NGM-SE_1_n30,Positive Control,3500_NGM_SE_2500_50bis100rfu,NGMSElect_panel_v1X,LIZ600_60-460,vWA,14,16,,,,,,,,,2067,3242,,,,,,,,,
Analyzed,PositiveDNA007NGM-SE_1_n30,Positive Control,3500_NGM_SE_2500_50bis100rfu,NGMSElect_panel_v1X,LIZ600_60-460,D16S539,9,10,,,,,,,,,3315,2151,,,,,,,,,
Analyzed,PositiveDNA007NGM-SE_1_n30,Positive Control,3500_NGM_SE_2500_50bis100rfu,NGMSElect_panel_v1X,LIZ600_60-460,D2S1338,20,23,,,,,,,,,4125,3008,,,,,,,,,
Analyzed,PositiveDNA007NGM-SE_1_n30,Positive Control,3500_NGM_SE_2500_50bis100rfu,NGMSElect_panel_v1X,LIZ600_60-460,AMEL,X,Y,,,,,,,,,5748,3509,,,,,,,,,
Analyzed,PositiveDNA007NGM-SE_1_n30,Positive Control,3500_NGM_SE_2500_50bis100rfu,NGMSElect_panel_v1X,LIZ600_60-460,D8S1179,12,13,,,,,,,,,4170,2573,,,,,,,,,
Analyzed,PositiveDNA007NGM-SE_1_n30,Positive Control,3500_NGM_SE_2500_50bis100rfu,NGMSElect_panel_v1X,LIZ600_60-460,D21S11,28,31,,,,,,,,,4756,2807,,,,,,,,,
Analyzed,PositiveDNA007NGM-SE_1_n30,Positive Control,3500_NGM_SE_2500_50bis100rfu,NGMSElect_panel_v1X,LIZ600_60-460,D18S51,12,15,,,,,,,,,3672,2879,,,,,,,,,
Analyzed,PositiveDNA007NGM-SE_1_n30,Positive Control,3500_NGM_SE_2500_50bis100rfu,NGMSElect_panel_v1X,LIZ600_60-460,D22S1045,11,16,,,,,,,,,4638,3685,,,,,,,,,
Analyzed,PositiveDNA007NGM-SE_1_n30,Positive Control,3500_NGM_SE_2500_50bis100rfu,NGMSElect_panel_v1X,LIZ600_60-460,D19S433,14,15,,,,,,,,,5720,4957,,,,,,,,,
Analyzed,PositiveDNA007NGM-SE_1_n30,Positive Control,3500_NGM_SE_2500_50bis100rfu,NGMSElect_panel_v1X,LIZ600_60-460,TH01,7,9.3,,,,,,,,,3054,4025,,,,,,,,,
Analyzed,PositiveDNA007NGM-SE_1_n30,Positive Control,3500_NGM_SE_2500_50bis100rfu,NGMSElect_panel_v1X,LIZ600_60-460,FGA,24,26,,,,,,,,,4278,4330,,,,,,,,,
Analyzed,PositiveDNA007NGM-SE_1_n30,Positive Control,3500_NGM_SE_2500_50bis100rfu,NGMSElect_panel_v1X,LIZ600_60-460,D2S441,14,15,,,,,,,,,3516,3466,,,,,,,,,
Analyzed,PositiveDNA007NGM-SE_1_n30,Positive Control,3500_NGM_SE_2500_50bis100rfu,NGMSElect_panel_v1X,LIZ600_60-460,D3S1358,15,16,,,,,,,,,2452,3633,,,,,,,,,
Analyzed,PositiveDNA007NGM-SE_1_n30,Positive Control,3500_NGM_SE_2500_50bis100rfu,NGMSElect_panel_v1X,LIZ600_60-460,D1S1656,13,16,,,,,,,,,3835,2555,,,,,,,,,
Analyzed,PositiveDNA007NGM-SE_1_n30,Positive Control,3500_NGM_SE_2500_50bis100rfu,NGMSElect_panel_v1X,LIZ600_60-460,D12S391,18,19,,,,,,,,,2944,2434,,,,,,,,,
Analyzed,PositiveDNA007NGM-SE_1_n30,Positive Control,3500_NGM_SE_2500_50bis100rfu,NGMSElect_panel_v1X,LIZ600_60-460,SE33,17,25.2,,,,,,,,,2566,2275,,,,,,,,,
Analyzed,PositiveDNA007NGM-SE_2_n30,Positive Control,3500_NGM_SE_2500_50bis100rfu,NGMSElect_panel_v1X,LIZ600_60-460,D10S1248,12,15,,,,,,,,,15339,13551,,,,,,,,,
Analyzed,PositiveDNA007NGM-SE_2_n30,Positive Control,3500_NGM_SE_2500_50bis100rfu,NGMSElect_panel_v1X,LIZ600_60-460,vWA,14,15,16,,,,,,,,1906,2174,17921,,,,,,,,
Analyzed,PositiveDNA007NGM-SE_2_n30,Positive Control,3500_NGM_SE_2500_50bis100rfu,NGMSElect_panel_v1X,LIZ600_60-460,D16S539,9,10,,,,,,,,,17654,12208,,,,,,,,,
Analyzed,PositiveDNA007NGM-SE_2_n30,Positive Control,3500_NGM_SE_2500_50bis100rfu,NGMSElect_panel_v1X,LIZ600_60-460,D2S1338,20,23,,,,,,,,,11956,9632,,,,,,,,,
Analyzed,PositiveDNA007NGM-SE_2_n30,Positive Control,3500_NGM_SE_2500_50bis100rfu,NGMSElect_panel_v1X,LIZ600_60-460,AMEL,X,Y,,,,,,,,,15557,15473,,,,,,,,,
Analyzed,PositiveDNA007NGM-SE_2_n30,Positive Control,3500_NGM_SE_2500_50bis100rfu,NGMSElect_panel_v1X,LIZ600_60-460,D8S1179,12,13,,,,,,,,,18742,21813,,,,,,,,,
Analyzed,PositiveDNA007NGM-SE_2_n30,Positive Control,3500_NGM_SE_2500_50bis100rfu,NGMSElect_panel_v1X,LIZ600_60-460,D21S11,28,31,,,,,,,,,9010,19999,,,,,,,,,
Analyzed,PositiveDNA007NGM-SE_2_n30,Positive Control,3500_NGM_SE_2500_50bis100rfu,NGMSElect_panel_v1X,LIZ600_60-460,D18S51,12,15,,,,,,,,,14236,14630,,,,,,,,,
Analyzed,PositiveDNA007NGM-SE_2_n30,Positive Control,3500_NGM_SE_2500_50bis100rfu,NGMSElect_panel_v1X,LIZ600_60-460,D22S1045,11,16,,,,,,,,,11035,16087,,,,,,,,,
Analyzed,PositiveDNA007NGM-SE_2_n30,Positive Control,3500_NGM_SE_2500_50bis100rfu,NGMSElect_panel_v1X,LIZ600_60-460,D19S433,14,,,,,,,,,,20223,,,,,,,,,,
Analyzed,PositiveDNA007NGM-SE_2_n30,Positive Control,3500_NGM_SE_2500_50bis100rfu,NGMSElect_panel_v1X,LIZ600_60-460,TH01,7,9.3,,,,,,,,,16174,9794,,,,,,,,,
Analyzed,PositiveDNA007NGM-SE_2_n30,Positive Control,3500_NGM_SE_2500_50bis100rfu,NGMSElect_panel_v1X,LIZ600_60-460,FGA,24,26,,,,,,,,,13359,12322,,,,,,,,,
Analyzed,PositiveDNA007NGM-SE_2_n30,Positive Control,3500_NGM_SE_2500_50bis100rfu,NGMSElect_panel_v1X,LIZ600_60-460,D2S441,14,15,,,,,,,,,5660,5793,,,,,,,,,
Analyzed,PositiveDNA007NGM-SE_2_n30,Positive Control,3500_NGM_SE_2500_50bis100rfu,NGMSElect_panel_v1X,LIZ600_60-460,D3S1358,15,16,,,,,,,,,16860,23042,,,,,,,,,
Analyzed,PositiveDNA007NGM-SE_2_n30,Positive Control,3500_NGM_SE_2500_50bis100rfu,NGMSElect_panel_v1X,LIZ600_60-460,D1S1656,13,16,,,,,,,,,18055,7436,,,,,,,,,
Analyzed,PositiveDNA007NGM-SE_2_n30,Positive Control,3500_NGM_SE_2500_50bis100rfu,NGMSElect_panel_v1X,LIZ600_60-460,D12S391,18,19,,,,,,,,,7297,13973,,,,,,,,,
Analyzed,PositiveDNA007NGM-SE_2_n30,Positive Control,3500_NGM_SE_2500_50bis100rfu,NGMSElect_panel_v1X,LIZ600_60-460,SE33,17,25.2,,,,,,,,,15849,20992,,,,,,,,,
