Sample Name,Marker,Allele 1,Allele 2,Allele 3,Allele 4,Allele 5,Allele 6,Allele 7,Allele 8,Allele 9,Allele 10,Height 1,Height 2,Height 3,Height 4,Height 5,Height 6,Height 7,Height 8,Height 9,Height 10
S1_y1_a1,AMEL,X,Y,,,,,,,,,10667,1178,,,,,,,,
S1_y1_a1,D3S1358,15,17,14,,,,,,,,4927,5136,745,,,,,,,
S1_y1_a1,D1S1656,11,16,16.3,,,,,,,,3880,473,3490,,,,,,,
S1_y1_a1,D2S441,11,11.3,,,,,,,,,5379,3930,,,,,,,,
S1_y1_a1,D10S1248,14,16,,,,,,,,,7579,1211,,,,,,,,
S1_y1_a1,D13S317,10,11,12,,,,,,,,3663,3249,375,,,,,,,
S1_y1_a1,Penta E,7,13,15,,,,,,,,643,3071,3538,,,,,,,
S1_y1_a1,D16S539,9,10,11,,,,,,,,1176,3587,5365,,,,,,,
S1_y1_a1,D18S51,12,15,,,,,,,,,4967,5658,,,,,,,,
S1_y1_a1,D2S1338,16,22,24,25,,,,,,,2630,416,543,2164,,,,,,
S1_y1_a1,CSF1PO,9,10,11,12,,,,,,,2052,407,2171,384,,,,,,
S1_y1_a1,Penta D,9,11,13,14,,,,,,,553,549,2582,2331,,,,,,
S1_y1_a1,TH01,7,9,9.3,,,,,,,,3979,569,3432,,,,,,,
S1_y1_a1,vWA,17,15,16,,,,,,,,6356,676,857,,,,,,,
S1_y1_a1,D21S11,29,30,32.2,,,,,,,,6745,731,718,,,,,,,
S1_y1_a1,D7S820,10,12,13,,,,,,,,529,3551,3931,,,,,,,
S1_y1_a1,D5S818,11,12,,,,,,,,,5733,681,,,,,,,,
S1_y1_a1,TPOX,8,9,,,,,,,,,4006,2813,,,,,,,,
S1_y1_a1,D8S1179,8,13,14,,,,,,,,4441,1352,4800,,,,,,,
S1_y1_a1,D12S391,18,22,23,,,,,,,,4826,3436,800,,,,,,,
S1_y1_a1,D19S433,13,14,15,15.2,,,,,,,770,638,2897,2267,,,,,,
S1_y1_a1,SE33,21.2,21,27.2,33.2,,,,,,,376,1995,411,1946,,,,,,
S1_y1_a1,D22S1045,11,15,16,,,,,,,,2660,2255,362,,,,,,,
S1_y1_a1,DYS391,10,,,,,,,,,,553,,,,,,,,,
S1_y1_a1,FGA,20,22,,,,,,,,,3982,3737,,,,,,,,
S1_y1_a1,DYS576,17,,,,,,,,,,403,,,,,,,,,
S1_y1_a1,DYS570,19,,,,,,,,,,126,,,,,,,,,
